scientificName,commonName,source
Terminalia muelleri,Australian almond,https://www.floridainvasives.org/suncoast/edrr/
Asclepias curassavica,bloodflower milkweed,https://www.floridainvasives.org/suncoast/edrr/
Neyraudia reynaudiana,burmareed,https://www.floridainvasives.org/suncoast/edrr/
Senna alata,candlestick plant,https://www.floridainvasives.org/suncoast/edrr/
Kalanchoe pinnata,cathedral bells,https://www.floridainvasives.org/suncoast/edrr/
Ruellia simplex,cathedral bells,https://www.floridainvasives.org/suncoast/edrr/
Epipremnum pinnatum,centipede tongavine,https://www.floridainvasives.org/suncoast/edrr/
Dianella ensifolia,cerulean flaxlily,https://www.floridainvasives.org/suncoast/edrr/
Begonia cucullata,clubed begonia,https://www.floridainvasives.org/suncoast/edrr/
Antigonon leptopus,coral vine,https://www.floridainvasives.org/suncoast/edrr/
Pennisetum setaceum,crimson fountaingrass,https://www.floridainvasives.org/suncoast/edrr/
Pseudelephantopus spicatus,dog's?tongue,https://www.floridainvasives.org/suncoast/edrr/
Acacia auriculiformis,earleaf acacia,https://www.floridainvasives.org/suncoast/edrr/
Koelreuteria elegans ssp. formosana,flamegold,https://www.floridainvasives.org/suncoast/edrr/
Cyperus alopecuroides,foxtail flatsedge,https://www.floridainvasives.org/suncoast/edrr/
Arundo donax,giant reed,https://www.floridainvasives.org/suncoast/edrr/
,giant taro,https://www.floridainvasives.org/suncoast/edrr/
Dalbergia sissoo,Indian rosewood,https://www.floridainvasives.org/suncoast/edrr/
Coccinia grandis,ivy gourd,https://www.floridainvasives.org/suncoast/edrr/
Tribulus cistoides,Jamaica feverplant,https://www.floridainvasives.org/suncoast/edrr/
Bischofia javanica,Javanese bishopwood,https://www.floridainvasives.org/suncoast/edrr/
Syzygium cumini,Java plum,https://www.floridainvasives.org/suncoast/edrr/
Cryptostegia madagascariensis,Madagascar rubbervine,https://www.floridainvasives.org/suncoast/edrr/
Cestrum nocturnum,nightflowering jessamine,https://www.floridainvasives.org/suncoast/edrr/
Thespesia populnea,portia tree,https://www.floridainvasives.org/suncoast/edrr/
Agave sisalana,sisal,https://www.floridainvasives.org/suncoast/edrr/
Merremia tuberosa,Spanish arborvine,https://www.floridainvasives.org/suncoast/edrr/
Clerodendrum chinense,stickbush,https://www.floridainvasives.org/suncoast/edrr/
Solanum torvum,turkeyberry,https://www.floridainvasives.org/suncoast/edrr/
Senna pendula,valamuerto,https://www.floridainvasives.org/suncoast/edrr/
Salvator merianae,Black and White Tegu,https://myfwc.com/wildlifehabitats/profiles/#!categoryid=&subcategoryid=&status=Invasive
Penaeus monodon,Asian Tiger Shrimp,https://myfwc.com/wildlifehabitats/profiles/#!categoryid=&subcategoryid=&status=Invasive
Cichlasoma bimaculatum,Black acara,https://myfwc.com/wildlifehabitats/profiles/#!categoryid=&subcategoryid=&status=Invasive
Oreochromis aureu,Blue Tilapia,https://myfwc.com/wildlifehabitats/profiles/#!categoryid=&subcategoryid=&status=Invasive
Hoplosternum littorale,Brown Hoplo,https://myfwc.com/wildlifehabitats/profiles/#!categoryid=&subcategoryid=&status=Invasive
Python molurus bivittatus,Burmese Python,https://myfwc.com/wildlifehabitats/profiles/#!categoryid=&subcategoryid=&status=Invasive
Rhinella marina,Cane Toad,https://myfwc.com/wildlifehabitats/profiles/#!categoryid=&subcategoryid=&status=Invasive
Chitala ornata,Clown Knifefish,https://myfwc.com/wildlifehabitats/profiles/#!categoryid=&subcategoryid=&status=Invasive
Iguana iguana,Green Iguana,https://myfwc.com/wildlifehabitats/profiles/#!categoryid=&subcategoryid=&status=Invasive
Xenia umbellata,Invasive Soft Corals,https://myfwc.com/wildlifehabitats/profiles/#!categoryid=&subcategoryid=&status=Invasive
Unomia stolonifera,Invasive Soft Corals,https://myfwc.com/wildlifehabitats/profiles/#!categoryid=&subcategoryid=&status=Invasive
Pomacea maculata,Island Apple Snail,https://myfwc.com/wildlifehabitats/profiles/#!categoryid=&subcategoryid=&status=Invasive
Pterois volitans,Lionfish,https://myfwc.com/wildlifehabitats/profiles/#!categoryid=&subcategoryid=&status=Invasive
Platydemus manokwari,New Guinea Flatworm,https://myfwc.com/wildlifehabitats/profiles/#!categoryid=&subcategoryid=&status=Invasive
Varanus niloticus,Nile Monitor,https://myfwc.com/wildlifehabitats/profiles/#!categoryid=&subcategoryid=&status=Invasive
Python sebae,Northern African Python,https://myfwc.com/wildlifehabitats/profiles/#!categoryid=&subcategoryid=&status=Invasive
Myocastor coypus,Nutria,https://myfwc.com/wildlifehabitats/profiles/#!categoryid=&subcategoryid=&status=Invasive
Trachemys scripta elegans,Red-Eared Slider,https://myfwc.com/wildlifehabitats/profiles/#!categoryid=&subcategoryid=&status=Invasive
Channa aurolineata,Snakehead,https://myfwc.com/wildlifehabitats/profiles/#!categoryid=&subcategoryid=&status=Invasive
Sus scrofa,Wild Hog,https://myfwc.com/wildlifehabitats/profiles/#!categoryid=&subcategoryid=&status=Invasive
Dreissena polymorpha,Zebra Mussel,https://myfwc.com/wildlifehabitats/profiles/#!categoryid=&subcategoryid=&status=Invasive
